"","Date","F_Turkey","F_Adana","F_Adiyaman","F_Afyonkarahisar","F_Agri","F_Aksaray","F_Amasya","F_Ankara","F_Antalya","F_Ardahan","F_Artvin","F_Aydin","F_Balikesir","F_Bartin","F_Batman","F_Bayburt","F_Bilecik","F_Bingol","F_Bitlis","F_Bolu","F_Burdur","F_Bursa","F_Canakkale","F_Cankiri","F_Corum","F_Denizli","F_Diyarbakir","F_Duzce","F_Edirne","F_Elazig","F_Erzincan","F_Erzurum","F_Eskisehir","F_Gaziantep","F_Giresun","F_Gumushane","F_Hakkari","F_Hatay","F_Igdir","F_Isparta","F_Istanbul","F_Izmir","F_Kahramanmaras","F_Karabuk","F_Karaman","F_Kars","F_Kastamonu","F_Kayseri","F_Kirikkale","F_Kirklareli","F_Kirsehir","F_Kilis","F_Kocaeli","F_Konya","F_Kutahya","F_Malatya","F_Manisa","F_Mardin","F_Mersin","F_Mugla","F_Mus","F_Nevsehir","F_Nigde","F_Ordu","F_Osmaniye","F_Rize","F_Sakarya","F_Samsun","F_Siirt","F_Sinop","F_Sivas","F_Sanliurfa","F_Sirnak","F_Tekirdag","F_Tokat","F_Trabzon","F_Tunceli","F_Usak","F_Van","F_Yalova","F_Yozgat","F_Zonguldak","S_Turkey","S_Adana","S_Adiyaman","S_Afyonkarahisar","S_Agri","S_Aksaray","S_Amasya","S_Ankara","S_Antalya","S_Ardahan","S_Artvin","S_Aydin","S_Balikesir","S_Bartin","S_Batman","S_Bayburt","S_Bilecik","S_Bingol","S_Bitlis","S_Bolu","S_Burdur","S_Bursa","S_Canakkale","S_Cankiri","S_Corum","S_Denizli","S_Diyarbakir","S_Duzce","S_Edirne","S_Elazig","S_Erzincan","S_Erzurum","S_Eskisehir","S_Gaziantep","S_Giresun","S_Gumushane","S_Hakkari","S_Hatay","S_Igdir","S_Isparta","S_Istanbul","S_Izmir","S_Kahramanmaras","S_Karabuk","S_Karaman","S_Kars","S_Kastamonu","S_Kayseri","S_Kirikkale","S_Kirklareli","S_Kirsehir","S_Kilis","S_Kocaeli","S_Konya","S_Kutahya","S_Malatya","S_Manisa","S_Mardin","S_Mersin","S_Mugla","S_Mus","S_Nevsehir","S_Nigde","S_Ordu","S_Osmaniye","S_Rize","S_Sakarya","S_Samsun","S_Siirt","S_Sinop","S_Sivas","S_Sanliurfa","S_Sirnak","S_Tekirdag","S_Tokat","S_Trabzon","S_Tunceli","S_Usak","S_Van","S_Yalova","S_Yozgat","S_Zonguldak","Year","Month","Season"
"1",2013-01-01,39163,591,109,175,71,158,114,4278,2101,5,49,651,639,62,111,5,149,5,44,169,48,1568,354,55,319,438,555,130,278,309,91,222,988,758,211,29,2,553,44,116,8298,2189,312,78,78,40,175,811,190,174,155,46,1068,820,362,364,526,202,902,389,14,55,147,430,226,118,538,825,61,61,166,449,43,1102,132,401,36,67,87,217,81,174,48281,957,152,300,34,171,131,6937,2755,NA,50,1068,793,48,43,6,103,7,24,122,60,1669,360,80,349,584,439,134,209,301,55,282,637,791,166,12,1,522,23,162,9937,3401,309,73,94,40,136,1291,186,196,162,37,1376,1089,256,379,689,82,1448,660,30,259,202,310,152,125,662,675,31,87,209,447,11,1086,176,414,25,88,72,521,137,184,2013,1,"Winter"
"2",2013-02-01,39521,691,197,163,181,113,174,4292,1896,3,50,636,693,59,132,13,123,11,52,198,62,1547,368,27,238,437,574,120,247,306,53,125,888,762,170,13,1,574,24,123,8277,2225,309,80,77,27,224,751,111,166,158,60,932,1728,259,389,535,282,1037,420,5,57,151,364,167,128,561,728,79,81,140,454,33,967,165,387,27,75,107,174,81,207,48998,976,224,343,17,156,116,6989,2733,NA,65,1042,821,49,59,4,87,10,16,115,64,1564,287,93,333,536,521,126,221,336,65,284,654,753,191,20,4,591,19,144,10694,3435,314,93,78,31,147,1254,295,252,148,44,1191,991,195,384,729,132,1491,743,34,164,210,299,143,116,643,691,41,100,213,435,6,1081,162,385,16,93,89,457,140,211,2013,2,"Winter"
"3",2013-03-01,43052,705,130,203,64,166,171,4346,2374,6,46,991,751,74,94,7,197,6,59,223,85,1631,417,56,281,444,711,113,373,270,73,118,1022,852,170,14,NA,636,27,118,9542,2461,343,91,82,33,170,802,591,220,91,59,1113,897,277,422,533,150,1073,478,6,56,177,384,228,138,554,721,48,91,151,510,11,1020,194,478,33,96,219,210,73,202,54904,1121,180,360,30,135,145,7945,3120,4,61,1250,984,59,71,2,102,18,36,147,59,1783,345,67,427,565,567,138,275,342,72,282,686,882,204,23,1,611,35,197,12028,3890,324,138,115,42,143,1285,239,190,124,51,1308,1175,251,457,808,94,1656,819,21,228,201,330,143,124,727,704,52,118,214,435,6,1361,201,387,22,105,87,544,178,248,2013,3,"Spring"
"4",2013-04-01,41233,746,115,184,36,170,153,4376,2188,8,59,793,847,74,159,5,135,6,36,220,77,1637,416,55,307,383,654,123,263,438,63,145,976,740,180,27,5,666,14,103,8751,2331,336,112,86,60,154,650,193,247,80,73,1093,875,350,554,545,176,948,443,1,68,147,362,237,132,750,735,64,98,139,515,25,1101,142,308,16,104,142,218,94,196,54148,1129,166,274,128,145,149,7513,2875,5,52,1173,1034,73,78,2,101,8,25,164,87,1860,429,82,335,490,548,133,290,463,76,251,682,910,179,28,2,609,30,167,12040,3931,382,113,100,34,166,1358,174,191,146,56,1216,1153,228,420,795,98,1671,812,39,154,233,284,158,104,793,732,55,88,224,456,6,1256,194,369,20,117,129,549,140,219,2013,4,"Spring"
"5",2013-05-01,46049,699,135,251,79,238,212,4614,2535,13,76,770,858,82,192,9,251,5,74,284,82,1680,518,62,291,571,774,145,342,270,88,174,1081,901,239,24,2,659,19,170,9371,2514,421,122,88,70,239,743,292,262,127,168,1272,995,340,493,584,197,1102,451,3,65,149,373,274,128,701,933,93,104,212,578,6,1265,148,684,78,127,175,296,151,186,57212,1242,191,298,62,162,152,8024,3094,2,43,1296,1092,60,84,10,100,11,48,151,68,1840,403,77,378,549,551,195,258,418,84,305,756,991,208,28,1,579,26,193,12659,4021,361,126,106,37,167,1339,187,231,155,67,1452,1285,252,433,763,97,1754,855,39,182,260,321,142,105,687,751,46,87,217,503,8,1565,194,432,24,122,109,606,181,254,2013,5,"Spring"
"6",2013-06-01,43345,777,145,202,61,199,215,4468,1883,13,88,667,804,64,169,22,168,9,44,272,97,1574,343,88,326,422,703,164,299,298,90,297,984,988,232,23,3,582,32,123,8160,2599,418,128,94,67,272,847,219,248,160,117,1146,1150,361,441,610,160,1217,483,7,77,140,461,228,139,820,909,51,115,215,533,13,1175,169,526,102,137,128,238,140,187,53079,1210,201,252,51,157,141,7224,2698,4,57,1104,1070,55,66,14,104,27,37,166,85,1892,409,72,366,696,519,169,306,351,91,278,689,937,198,18,1,566,26,181,11197,3780,382,107,103,62,174,1272,199,216,142,75,1286,1136,257,409,719,104,1812,763,39,175,214,271,182,91,689,807,48,82,236,521,8,1363,182,380,54,125,72,498,119,240,2013,6,"Summer"
"7",2013-07-01,49224,781,182,206,80,247,277,4969,2133,12,86,971,930,63,146,34,236,14,43,214,94,1851,549,108,295,599,707,165,327,336,121,315,1207,1216,227,41,3,760,35,161,9034,2931,529,175,120,79,251,1047,199,316,260,83,1420,1287,484,521,659,192,1199,510,6,59,156,458,295,135,928,992,81,143,259,526,11,1311,193,548,165,152,113,260,149,247,57412,1205,222,357,50,154,186,7459,3069,5,64,1418,1194,95,96,9,129,12,145,148,70,2077,465,70,369,690,529,164,326,387,89,311,840,928,224,33,1,707,27,186,11634,4079,437,114,124,53,137,1438,193,230,148,71,1371,1292,271,496,759,105,2001,971,27,181,264,236,153,92,783,774,41,92,256,512,8,1626,213,385,57,116,93,616,179,274,2013,7,"Summer"
"8",2013-08-01,38817,549,162,209,79,220,181,3773,1609,34,69,690,761,66,142,28,106,6,35,251,63,1412,446,95,303,475,484,151,243,285,119,222,1156,728,174,55,3,615,52,127,6960,2001,477,151,117,64,277,1084,308,228,216,118,1054,1012,311,461,474,196,919,536,12,64,193,339,228,114,788,655,75,141,245,372,5,878,206,424,165,105,110,186,178,192,45663,877,190,263,39,227,149,5863,2248,2,58,1341,1134,72,49,10,94,20,44,130,63,1462,422,62,341,513,395,142,284,383,66,216,605,831,178,27,4,611,28,193,7970,2960,373,104,122,49,164,1390,273,198,171,52,989,1184,245,441,608,105,1495,956,37,195,269,240,159,109,706,665,35,115,218,361,4,1185,181,350,56,160,85,617,182,249,2013,8,"Summer"
"9",2013-09-01,46778,637,188,220,81,286,197,5039,2093,15,114,851,888,64,200,22,181,11,48,263,80,1591,609,120,363,512,600,156,357,402,151,325,1300,991,237,52,13,706,40,208,8128,2211,590,167,92,81,239,899,240,305,341,110,1131,1194,384,608,646,244,1069,708,9,40,156,444,262,101,892,820,126,114,278,655,120,1214,226,592,117,165,218,232,196,203,55502,987,234,316,45,233,146,7167,2737,8,58,1444,1213,81,118,13,143,29,37,143,71,1805,494,75,401,638,587,172,381,427,83,279,759,971,201,29,NA,668,33,198,10386,3758,457,132,117,36,198,1647,218,242,161,71,1265,1451,281,561,735,112,1796,1076,47,221,259,297,155,121,900,781,62,108,275,562,17,1555,217,435,53,136,93,624,179,281,2013,9,"Fall"
"10",2013-10-01,35363,459,140,230,79,148,127,3370,1656,9,75,631,586,48,156,28,123,12,114,216,61,1160,314,89,479,369,503,107,286,334,113,209,836,779,213,58,2,452,40,122,6737,1752,443,114,82,83,207,829,150,235,132,94,943,916,292,490,425,146,1081,380,6,49,104,338,197,82,587,653,75,76,219,440,17,825,164,393,107,113,143,206,147,158,40981,773,145,260,24,151,115,4861,2210,1,57,1021,854,56,57,17,68,30,27,94,49,1487,297,73,294,401,456,149,405,342,69,219,514,740,185,22,2,492,24,116,8129,2847,300,106,77,26,125,1086,159,213,140,67,931,958,235,356,518,113,1328,751,45,165,177,275,104,90,593,596,48,78,189,396,7,1043,189,318,21,100,79,536,126,184,2013,10,"Fall"
"11",2013-11-01,48255,689,213,190,90,235,216,4796,2301,12,139,744,825,77,258,46,215,6,52,355,79,1809,372,132,364,482,743,112,350,390,172,438,1065,1237,234,30,5,797,57,109,9477,2505,583,94,99,98,258,1145,190,299,232,120,1077,1212,364,513,601,232,932,431,12,73,342,455,245,180,696,788,96,114,346,663,384,1095,192,507,119,131,176,248,317,178,54426,1072,169,336,46,174,167,7185,3115,1,75,1265,1095,49,85,15,128,17,38,219,56,1885,385,129,363,569,518,158,296,443,86,233,732,867,210,24,1,694,29,175,11458,3697,332,140,90,33,194,1533,188,183,170,75,1296,1221,339,447,695,114,1568,863,24,165,205,357,124,114,723,768,38,97,210,509,52,1385,165,449,47,99,107,596,201,251,2013,11,"Fall"
"12",2013-12-01,58329,968,273,228,132,397,275,5303,2669,22,138,935,1011,80,338,35,232,122,127,301,131,2171,588,191,424,634,833,209,305,581,251,472,1505,1147,319,52,81,903,58,210,11118,2772,730,176,138,102,338,1104,296,298,253,123,1365,1434,364,703,822,330,1184,557,14,63,203,508,360,213,1717,978,172,134,292,866,35,1204,230,671,114,219,287,252,736,203,57455,1087,151,393,49,134,146,6982,3386,1,47,1372,1357,66,99,13,114,26,51,196,69,1939,401,78,385,594,495,152,279,439,77,271,730,894,195,20,NA,728,29,204,12804,4131,377,121,96,29,161,1504,210,217,163,44,1217,1269,282,495,819,131,1710,873,24,317,218,351,145,168,770,857,49,98,221,583,10,1296,173,569,28,113,146,538,197,282,2013,12,"Winter"
"13",2014-01-01,40155,596,177,178,51,169,120,3920,2242,16,63,779,768,92,137,16,142,9,15,289,76,1646,417,86,266,571,522,106,234,307,89,280,925,889,145,23,1,632,32,151,7644,2127,422,129,53,57,202,821,166,241,138,112,1058,1010,293,378,610,216,941,378,15,60,156,343,337,114,915,742,79,90,130,613,26,972,109,479,46,129,131,181,130,185,47484,942,139,266,28,157,126,6221,2863,2,49,1081,914,43,86,8,86,21,33,227,63,1780,329,73,344,553,415,126,210,408,76,245,584,679,164,28,2,549,35,164,9845,3173,294,98,95,24,121,1366,201,188,158,68,1098,1070,221,364,617,92,1426,808,27,202,164,332,116,110,700,690,53,80,190,469,9,1211,148,408,32,122,112,516,142,205,2014,1,"Winter"
"14",2014-02-01,38074,693,98,156,41,164,90,3480,1800,6,53,685,683,92,146,15,168,3,36,226,66,1528,333,59,229,545,448,131,184,184,191,242,739,653,162,17,NA,592,39,129,7881,2110,311,107,71,48,155,805,149,224,157,115,956,2127,271,389,592,189,819,367,2,59,117,303,283,95,569,602,121,95,112,589,50,872,151,437,32,112,69,216,53,186,44523,891,163,284,35,130,135,5906,2703,NA,41,1134,892,55,104,7,74,19,25,163,58,1576,302,74,298,485,486,157,210,327,45,212,608,703,165,26,NA,541,21,127,9240,3018,279,101,71,36,121,1261,165,180,109,75,1071,973,199,365,565,101,1234,679,25,139,151,308,96,95,679,630,51,76,162,430,9,1145,148,367,16,93,80,522,120,156,2014,2,"Winter"
"15",2014-03-01,41983,530,115,187,81,140,113,4913,2144,6,33,869,941,85,163,14,123,7,31,234,86,1586,407,119,220,447,441,151,216,231,86,183,799,874,168,30,82,679,22,131,8235,2698,377,162,82,54,159,897,102,205,127,125,1138,1099,264,391,741,209,919,439,8,87,128,354,278,171,739,556,90,83,146,627,12,1206,135,600,13,90,86,227,83,154,45634,905,134,288,35,151,141,5780,2548,5,52,1148,911,37,79,3,100,16,33,217,53,1639,330,68,289,483,475,136,246,369,54,215,587,767,118,14,4,610,28,135,9483,3153,322,131,88,53,134,1181,154,182,141,64,1056,1078,223,367,613,108,1328,839,26,199,188,249,111,99,731,657,47,83,158,392,38,1166,147,384,14,102,93,513,123,213,2014,3,"Spring"
"16",2014-04-01,37555,542,122,153,53,138,88,3366,2233,9,40,719,693,73,153,9,196,6,31,203,87,1401,422,81,219,479,529,129,210,277,68,150,680,1018,199,32,8,494,25,191,7567,2089,342,189,74,57,164,723,183,183,141,127,1020,894,278,404,575,218,878,332,5,71,141,362,268,99,663,615,71,106,144,601,207,910,140,449,17,137,134,205,87,159,46055,878,129,255,33,156,96,5883,2574,3,30,1110,941,42,84,7,103,23,18,131,51,1699,351,85,277,438,548,135,273,409,67,329,670,760,167,19,NA,547,29,147,9563,3092,308,138,102,28,127,1134,153,170,119,62,1121,1081,231,358,588,95,1449,743,38,124,186,274,140,110,706,625,49,71,201,416,4,1277,210,348,39,76,107,550,131,214,2014,4,"Spring"
"17",2014-05-01,41456,724,191,172,50,176,123,4930,2191,4,58,720,758,75,182,11,204,9,31,286,125,1443,415,66,264,437,542,173,249,259,73,217,711,951,157,32,9,638,30,214,7707,2511,446,157,111,49,199,739,210,235,190,170,1201,998,352,433,584,208,848,435,8,52,143,313,304,157,682,730,86,107,157,692,25,877,193,468,46,132,109,222,96,174,48921,951,137,298,43,114,98,6074,2816,7,42,1215,987,74,123,3,119,23,44,226,74,1754,326,71,294,467,499,156,260,424,65,260,754,881,172,17,3,562,29,152,10145,3366,337,124,95,37,149,1185,147,165,123,61,1205,1047,240,433,633,105,1578,858,40,183,213,269,154,86,770,651,48,76,187,502,10,1313,200,381,23,104,140,553,121,250,2014,5,"Spring"
"18",2014-06-01,42620,726,241,171,59,131,129,4028,2014,10,122,802,635,96,216,10,149,12,24,270,66,1469,381,85,280,542,616,178,241,363,122,168,885,973,178,44,5,605,24,136,9215,2230,536,194,99,54,180,878,269,259,192,139,1168,1048,289,401,610,242,932,517,2,35,140,315,351,110,774,700,106,107,194,695,49,935,186,435,76,142,127,206,103,174,50316,983,147,289,58,131,140,6409,2933,5,30,1154,1179,64,104,10,129,22,46,222,77,1788,331,82,326,523,533,163,245,415,76,244,706,821,157,20,9,676,26,267,10037,3180,339,151,102,43,183,1419,197,179,149,66,1231,1180,265,483,614,96,1701,828,44,212,211,214,158,86,753,652,47,107,198,546,12,1364,202,348,25,87,115,589,143,220,2014,6,"Summer"
"19",2014-07-01,39373,663,198,192,41,145,191,3718,1823,6,59,699,710,91,123,19,166,30,24,264,87,1456,461,91,246,482,441,207,231,248,111,290,873,847,154,34,2,577,60,152,7917,2160,508,218,75,82,195,891,195,265,166,111,989,912,338,454,555,188,836,428,2,53,187,330,302,90,727,727,38,94,255,524,10,932,195,436,75,202,97,147,102,153,45728,1090,120,291,47,181,110,5708,2495,3,42,1151,1048,71,77,6,81,15,38,221,65,1522,433,67,291,408,428,127,243,327,67,195,688,751,137,16,4,602,32,206,9199,3121,315,123,80,40,142,1132,162,205,159,65,1089,951,252,347,606,104,1537,848,37,121,206,277,121,104,653,643,39,88,209,362,7,1350,153,320,38,105,144,545,125,200,2014,7,"Summer"
"20",2014-08-01,48828,905,299,239,133,297,477,4867,2210,6,87,1002,990,122,206,23,204,36,29,303,122,1670,619,140,397,599,568,239,292,458,111,274,1029,1036,234,81,9,772,92,220,8017,2231,742,303,172,109,464,1158,298,312,254,132,1154,1375,356,535,641,262,968,390,12,108,190,388,421,142,947,943,126,201,328,804,89,1064,220,546,93,216,86,208,220,206,56796,1148,196,345,44,275,169,6969,2897,5,51,1506,1499,80,85,22,168,30,45,220,97,1988,505,100,411,632,602,207,306,562,94,282,795,945,250,34,3,798,37,241,9332,3541,443,221,152,55,226,1756,250,224,224,66,1279,1440,293,596,770,127,1872,1143,58,312,284,369,192,138,929,862,75,145,309,514,12,1621,287,502,54,161,95,711,249,264,2014,8,"Summer"
"21",2014-09-01,53039,698,273,298,80,314,283,5157,2795,4,76,1041,962,102,190,35,238,32,45,332,118,1929,534,147,412,602,697,250,262,432,104,352,1209,1248,330,64,6,646,125,256,9447,2785,631,299,130,127,364,1131,365,320,259,185,1510,1391,356,560,754,275,1105,482,14,68,229,350,452,161,985,812,145,160,355,912,36,1257,231,671,104,179,138,241,168,217,62747,1186,211,373,52,228,160,7458,3341,8,70,1585,1479,93,158,19,189,20,34,283,91,2220,534,94,511,709,766,199,366,617,97,305,956,982,251,29,4,759,46,250,11476,4318,414,189,138,54,172,1671,280,286,212,94,1480,1498,318,635,770,128,1999,1062,43,353,322,362,175,156,975,948,76,146,298,572,9,1917,251,592,61,172,119,761,218,294,2014,9,"Fall"
"22",2014-10-01,44499,646,200,213,70,182,214,4551,2251,9,105,818,848,106,160,29,238,30,27,256,138,1525,411,95,292,449,573,213,248,407,114,280,840,917,221,53,15,677,110,178,7869,2204,596,233,114,164,291,923,238,232,219,130,1458,1315,305,447,676,170,916,470,11,51,214,371,340,133,805,799,104,98,323,879,95,998,147,484,76,175,108,242,153,214,51146,976,164,310,34,152,138,5998,2850,6,50,1256,1215,74,77,12,99,21,38,242,77,1910,412,105,332,525,566,165,289,551,73,309,690,813,202,23,3,649,29,188,9371,3568,347,153,91,56,152,1468,242,224,167,93,1250,1148,295,496,646,87,1742,1011,43,247,222,345,160,130,791,837,58,102,185,566,5,1274,208,488,34,136,89,547,176,273,2014,10,"Fall"
"23",2014-11-01,48128,664,264,222,71,207,240,4771,2230,14,103,908,783,98,191,371,238,54,66,261,98,1818,445,161,281,486,651,257,268,401,115,401,1045,1169,230,68,23,711,101,210,8828,2527,586,237,124,165,302,978,295,306,175,150,1365,1197,308,468,792,251,922,422,44,82,182,340,335,165,827,827,133,96,331,868,32,1098,207,417,100,165,198,271,127,190,55655,1078,156,338,51,169,151,6924,3301,9,56,1236,1163,52,99,4,118,21,34,233,83,2112,403,109,349,556,620,226,285,431,86,279,830,940,197,29,1,636,24,183,10738,4095,377,144,93,68,160,1495,226,241,155,87,1435,1153,295,439,730,117,1762,900,44,155,208,298,180,134,960,873,52,115,195,567,18,1467,224,517,28,143,113,605,164,313,2014,11,"Fall"
"24",2014-12-01,65844,1024,405,345,119,291,282,6501,2902,8,136,1002,984,131,309,59,372,73,43,377,137,2490,645,254,473,1076,1105,347,294,426,164,337,1321,1322,299,70,12,999,100,256,12609,3685,931,292,128,156,349,1460,459,382,217,175,1736,1948,501,659,972,442,1376,550,57,101,252,568,386,238,1097,1035,223,128,496,1196,40,1245,213,755,82,225,233,291,193,273,68822,1458,201,397,38,199,180,8293,4071,6,86,1529,1319,91,97,6,134,31,42,278,92,2488,617,127,464,710,765,216,313,488,96,328,997,1230,255,34,5,869,35,230,14089,4797,434,198,106,78,231,1903,277,283,206,84,1652,1452,334,620,927,138,2116,1132,54,236,297,427,196,228,1064,985,113,113,240,728,22,1768,257,603,35,149,184,771,186,294,2014,12,"Winter"
"25",2015-01-01,37971,521,140,238,54,203,145,3694,1903,2,75,717,630,70,169,16,143,32,47,198,110,1412,356,80,240,520,602,139,195,230,59,267,844,825,158,47,2,603,47,143,7293,2160,429,158,70,74,237,804,178,206,108,126,1210,851,237,377,625,209,899,378,23,54,128,263,261,107,615,729,67,78,233,697,22,836,174,403,28,168,76,196,125,183,48196,1021,158,243,34,152,136,5876,2781,12,45,1132,955,48,73,11,87,40,35,223,80,1796,392,99,366,459,512,134,226,344,55,228,751,869,183,33,4,532,30,155,9294,3323,305,143,82,60,127,1371,238,206,157,62,1235,1073,200,377,673,117,1610,780,25,111,209,303,160,133,753,729,48,85,223,490,10,1328,207,424,20,117,136,561,161,220,2015,1,"Winter"
"26",2015-02-01,40662,623,183,219,52,205,171,4062,2150,2,84,674,842,91,149,21,172,24,26,212,62,1495,370,71,275,574,641,222,236,253,52,188,868,1045,188,49,5,672,54,177,7702,2109,366,133,119,44,227,950,195,213,149,60,1113,999,208,380,676,249,941,331,13,58,140,393,244,188,771,674,124,98,206,740,20,931,152,467,28,141,140,220,77,214,54359,1159,164,268,44,177,148,7001,3032,4,51,1442,1110,64,98,8,152,25,33,252,81,1936,419,83,402,546,553,201,296,406,71,475,801,905,201,32,1,687,29,222,9988,3741,310,158,104,50,190,1473,231,225,150,93,1351,1302,252,462,764,133,1992,853,26,181,200,295,210,127,773,762,50,102,242,617,10,1404,201,481,15,146,121,565,168,262,2015,2,"Winter"
"27",2015-03-01,51487,1124,193,338,82,249,251,5385,2438,9,101,924,1000,165,177,25,155,40,23,232,97,2251,473,465,282,740,692,280,320,234,85,218,875,1088,279,50,10,900,68,206,9808,2645,522,267,141,52,299,1002,188,261,178,127,1321,1263,369,513,925,296,1112,475,18,89,171,416,280,128,834,750,112,98,363,984,25,1102,210,506,37,172,106,325,182,291,64543,1308,195,307,50,217,173,8720,3483,11,83,1473,1385,77,109,21,157,56,83,281,95,2485,454,104,444,653,777,197,356,515,87,323,928,989,222,23,5,768,30,261,12103,4200,416,203,106,50,231,1702,305,249,186,94,1665,1555,348,545,945,141,2105,927,31,194,241,382,254,150,958,911,66,135,270,802,10,1685,288,557,29,148,167,718,235,331,2015,3,"Spring"
"28",2015-04-01,52598,1003,187,322,75,237,206,5308,2446,12,56,976,977,180,346,32,220,51,24,324,136,2222,580,112,304,694,706,230,293,285,89,281,970,1014,235,26,6,806,62,227,10652,2969,506,304,150,69,250,943,312,307,148,143,1468,1237,433,474,906,319,1199,510,10,92,162,376,244,128,963,810,112,118,306,975,42,1065,216,476,22,128,91,280,120,303,66719,1257,212,436,71,203,166,8693,3773,7,83,1840,1420,83,111,16,142,35,44,265,82,2712,519,125,421,727,733,189,358,521,103,320,995,994,195,34,9,792,24,196,12545,4700,425,149,137,50,209,1682,259,258,198,93,1760,1448,344,465,982,125,2206,1132,38,251,262,426,200,157,1050,868,62,139,288,631,15,1948,252,545,36,174,126,671,206,301,2015,4,"Spring"
"29",2015-05-01,49001,956,144,183,69,208,164,5108,2445,9,40,875,830,176,210,30,190,52,67,294,106,1954,495,92,262,565,650,282,336,292,74,295,962,1024,213,46,3,835,42,197,10246,2260,449,345,104,53,228,891,249,270,154,92,1421,1060,311,520,793,302,1127,403,34,77,215,406,272,99,780,805,125,145,245,994,38,989,203,600,25,184,122,229,79,282,58887,1090,205,352,57,157,146,7708,3312,4,83,1412,1282,100,88,11,123,22,45,263,82,2472,468,95,339,496,696,189,345,482,70,292,892,973,231,31,3,685,33,180,11330,3961,352,156,110,51,142,1377,222,246,148,62,1472,1269,296,459,797,114,2033,1060,46,225,215,321,190,109,936,772,67,88,240,598,7,1737,206,490,31,154,140,688,156,300,2015,5,"Spring"
"30",2015-06-01,51202,797,177,287,82,219,195,5373,2460,5,68,825,1022,189,167,40,242,37,36,302,132,1911,562,75,301,611,632,320,296,289,144,248,910,1114,304,112,10,774,55,208,9760,3190,516,257,135,87,231,1030,236,341,175,121,1767,1117,375,430,892,300,1175,465,31,57,175,450,314,128,927,684,113,152,305,751,35,1058,210,556,45,194,159,266,200,261,59455,1134,174,284,53,152,135,7496,3325,5,98,1482,1281,90,85,10,142,29,53,284,97,2289,498,96,346,570,572,155,397,415,76,234,815,906,214,126,3,689,50,200,11852,4174,386,146,115,60,173,1518,212,273,151,68,1639,1277,307,464,786,129,2029,1100,34,178,219,307,234,86,935,778,60,117,270,552,18,1697,193,521,40,131,153,586,145,282,2015,6,"Summer"
"31",2015-07-01,43623,641,165,293,109,204,169,4294,2041,5,45,1009,866,158,123,40,211,94,29,225,116,1626,548,70,262,467,493,263,284,320,77,258,893,827,248,81,7,772,73,178,7591,2234,605,272,107,73,238,854,160,289,198,180,1581,1046,312,419,717,273,937,440,23,67,222,341,277,119,737,670,82,158,359,595,23,1030,201,505,53,198,114,237,201,301,52966,1100,169,322,55,203,160,6428,2873,11,66,1358,1316,110,94,16,103,25,49,251,84,1993,500,101,309,563,507,175,397,370,85,302,811,851,206,27,7,670,36,196,9591,3535,400,181,110,62,163,1347,193,240,181,48,1296,1157,257,536,727,113,1831,915,83,165,251,311,189,103,811,811,46,132,250,473,10,1468,193,504,55,139,125,625,188,252,2015,7,"Summer"
"32",2015-08-01,53218,717,244,353,152,355,253,6153,1941,7,54,1088,961,194,220,33,229,53,43,250,122,2001,629,86,434,562,660,285,395,352,140,358,1165,1202,249,91,18,836,97,229,9070,2709,727,318,177,88,348,1263,363,305,211,198,1423,1375,376,475,824,287,1112,535,52,96,199,473,248,143,979,787,150,190,417,871,164,1117,263,499,66,259,134,229,208,279,59245,1082,215,332,63,271,172,6986,2952,6,84,1620,1584,102,96,24,144,41,43,204,101,2393,523,101,396,550,668,188,489,515,94,361,980,966,202,27,6,764,34,242,9803,3781,441,171,157,59,252,1745,285,283,204,77,1532,1582,362,616,769,169,1984,1011,43,275,283,303,228,142,896,936,62,148,297,609,27,1658,223,516,40,193,143,791,243,285,2015,8,"Summer"
"33",2015-09-01,43333,689,222,297,75,217,199,4184,1776,13,57,959,743,159,327,46,183,46,55,255,111,1754,565,92,314,484,611,289,293,302,154,246,817,1008,188,61,8,753,78,194,7555,2032,600,315,146,101,263,927,179,321,164,143,1347,1058,312,508,764,247,841,336,26,49,197,319,256,106,751,666,131,126,362,739,13,1047,174,425,43,181,130,226,170,213,49150,870,149,311,30,161,133,5626,2518,6,80,1325,1285,96,104,15,158,45,59,163,84,1985,501,83,337,408,469,153,331,419,78,294,818,772,162,45,3,590,28,183,8439,3219,356,153,124,35,178,1362,193,235,150,52,1284,1245,259,527,669,98,1705,902,51,214,227,298,224,141,728,702,56,109,234,558,3,1457,188,456,38,196,123,568,148,369,2015,9,"Fall"
"34",2015-10-01,50564,806,226,359,106,266,217,4818,2141,13,66,1047,854,184,255,29,252,106,32,232,149,1798,517,81,287,586,804,353,290,397,113,356,972,1191,235,72,8,815,101,344,9386,2438,684,274,133,171,268,982,232,288,158,195,1418,1249,373,519,820,365,997,424,27,102,209,426,269,92,856,737,112,156,484,856,318,1151,195,576,76,194,157,237,213,269,53534,993,167,294,86,171,150,6210,2834,5,82,1385,1336,68,123,22,104,43,39,198,80,2228,509,114,330,545,596,165,381,495,86,308,812,871,233,39,1,632,29,208,9082,3549,355,126,104,64,239,1437,185,253,164,104,1392,1371,313,608,762,141,1598,980,85,197,232,383,247,98,786,816,77,103,258,728,8,1412,203,586,28,234,140,605,169,340,2015,10,"Fall"
"35",2015-11-01,50976,810,289,343,103,246,214,5025,1940,5,78,989,831,120,230,38,259,153,59,324,219,1832,524,136,349,515,790,328,294,504,145,299,1031,1141,203,73,4,758,60,176,9803,2624,842,323,117,251,261,1179,241,301,186,146,1502,1197,361,573,743,345,867,371,26,73,204,432,333,121,857,774,121,110,521,885,42,1093,172,550,53,173,115,234,173,244,55032,998,168,322,54,175,136,6343,3061,7,76,1321,1311,84,123,10,110,59,45,219,84,2371,446,140,333,467,611,178,354,509,67,341,839,892,278,33,3,628,36,176,10279,3898,332,133,108,67,162,1303,231,259,140,76,1528,1361,345,553,828,121,1589,899,28,124,202,385,205,158,844,836,51,92,245,639,5,1526,233,527,24,155,150,548,159,276,2015,11,"Fall"
"36",2015-12-01,74032,1482,452,524,220,289,369,8031,2865,13,78,1195,885,266,573,39,320,149,101,515,220,2429,652,157,486,833,1256,589,492,790,215,437,1492,1423,322,71,10,1357,73,247,13625,3695,989,441,197,347,414,1788,311,391,243,231,1824,1941,610,653,1151,555,1667,525,101,58,406,819,343,168,1195,1144,249,172,696,1280,2,1427,233,710,105,222,191,363,292,341,68567,1232,177,410,77,215,193,8015,3906,7,113,1654,1586,86,192,20,161,58,67,473,117,2792,576,134,383,677,676,249,386,609,95,339,993,1096,255,27,3,731,40,260,12970,4650,415,193,139,63,222,1722,295,309,184,76,1804,1608,351,576,1090,220,2076,1264,55,222,261,422,297,190,992,1082,88,125,317,760,13,1626,210,754,27,240,227,755,223,374,2015,12,"Winter"
"37",2016-01-01,40077,616,195,184,69,156,151,3642,1881,4,57,1004,558,79,133,18,190,104,17,174,108,1579,358,37,246,459,491,241,131,179,65,161,805,746,134,28,3,614,58,195,7036,2201,442,269,133,118,143,817,134,276,98,123,1015,951,265,323,665,245,710,355,24,49,110,313,223,92,738,677,61,100,281,594,6,839,140,367,36,138,2493,213,84,310,44479,818,126,241,61,118,118,5370,2569,3,58,1086,883,56,74,6,120,48,26,220,60,2012,370,141,311,414,399,150,248,325,48,237,627,723,176,9,8,500,24,148,8490,3042,273,107,97,27,150,1177,172,203,103,50,1121,1073,224,397,680,135,1359,757,33,165,155,320,161,109,646,694,34,87,200,545,NA,1194,167,414,11,122,152,390,117,195,2016,1,"Winter"
"38",2016-02-01,47409,877,184,253,74,183,204,4150,1816,NA,45,1013,710,131,540,12,152,84,17,241,190,1799,442,61,216,592,617,238,380,245,48,162,759,962,177,27,8,986,35,195,8277,2521,531,175,108,93,146,967,179,251,140,262,1150,1012,266,364,791,310,1069,371,24,48,148,314,301,108,887,714,79,94,287,791,2,1087,195,448,47,158,3382,234,94,159,54294,1061,150,263,42,201,161,6544,2834,3,58,1451,1309,73,113,5,124,42,39,239,93,2355,463,97,349,544,465,213,296,453,77,247,826,852,227,20,3,620,28,172,9865,3959,347,133,107,60,160,1455,232,239,184,73,1411,1291,308,445,834,139,1747,884,39,147,185,320,236,132,903,825,55,122,163,629,8,1418,224,537,14,190,254,491,126,291,2016,2,"Winter"
"39",2016-03-01,52374,1422,196,315,91,248,188,4838,2223,3,63,1105,736,162,158,10,173,64,23,222,119,2058,489,67,333,675,757,328,255,354,77,249,1031,1193,207,56,23,924,46,139,10216,2860,916,214,102,138,215,770,162,467,160,149,1392,1260,323,416,1024,337,1130,470,61,159,158,520,284,138,1002,1011,93,143,444,848,11,1284,226,555,23,240,245,243,141,204,64831,1309,220,334,64,217,171,7892,3229,7,84,1600,1773,105,103,10,157,45,51,288,93,2859,516,135,393,676,529,229,435,538,87,368,983,1069,253,30,1,792,34,205,11777,4689,386,189,132,67,203,1568,293,334,173,86,1737,1498,360,544,962,198,1904,1038,47,190,193,403,280,146,948,988,61,131,304,763,8,1855,248,592,10,268,126,655,213,380,2016,3,"Spring"
"40",2016-04-01,46908,1109,269,258,87,190,282,4625,2054,4,47,1000,726,124,212,15,168,79,21,234,247,1782,492,75,312,590,650,265,226,222,60,192,919,932,205,68,10,782,41,216,8922,2558,713,204,135,79,161,839,181,332,149,140,1180,1080,317,458,909,337,1078,403,28,56,130,375,288,151,983,801,134,119,326,830,10,1312,169,352,31,140,133,289,79,207,59440,1108,225,300,80,150,212,7218,4098,3,76,1392,1718,64,109,5,135,37,48,285,81,2398,526,111,419,529,556,204,356,462,79,254,860,1136,231,40,3,680,29,203,10615,4010,353,169,99,69,151,1389,210,298,145,42,1520,1319,324,572,851,148,1842,969,54,154,206,345,248,148,1044,883,62,99,264,629,8,1789,214,523,13,159,137,492,158,296,2016,4,"Spring"
"41",2016-05-01,56043,940,239,311,90,232,181,4343,1958,NA,52,1030,739,165,221,13,188,228,22,195,170,1925,450,66,311,558,1378,271,273,349,82,235,909,1002,201,28,5,893,60,180,11221,2585,1052,308,131,92,189,896,304,329,143,164,1552,1108,346,419,964,358,1139,372,45,68,214,361,288,86,1220,888,114,161,334,784,24,1216,186,524,53,252,4395,287,146,232,58757,1195,178,345,72,170,181,7065,3035,13,83,1511,1654,111,138,25,152,47,36,201,85,2393,537,101,351,633,571,179,360,431,83,388,854,1141,208,27,NA,689,45,234,10417,4112,400,220,137,63,172,1425,228,293,153,36,1688,1422,332,547,844,152,1947,928,48,137,242,325,214,101,927,868,99,97,271,589,9,1657,217,537,49,179,167,496,173,317,2016,5,"Spring"
"42",2016-06-01,49354,1004,240,364,142,215,192,4738,1915,8,37,1217,706,160,179,21,159,124,43,286,129,1934,534,80,296,646,646,319,270,310,84,218,1002,1012,207,38,5,920,61,241,9880,2596,638,278,124,77,213,874,227,362,144,97,1408,1058,334,460,922,297,1155,445,39,49,247,351,221,160,1069,754,87,162,385,628,31,1188,202,452,56,235,168,235,136,208,56833,1182,196,333,64,150,148,6957,2876,11,73,1453,1492,100,99,13,165,59,57,290,80,2333,492,85,346,589,518,213,386,373,85,257,920,1024,221,16,1,684,35,203,10526,4149,403,221,99,49,174,1274,209,252,117,45,1539,1257,304,459,788,164,1933,1066,50,126,210,281,198,146,795,805,55,104,292,520,11,1630,204,523,40,179,159,405,172,321,2016,6,"Summer"
"43",2016-07-01,37829,763,168,242,68,241,175,3072,1449,NA,66,904,587,150,245,25,137,136,35,180,93,1377,532,99,286,441,543,251,305,291,67,229,746,1014,231,33,3,756,54,165,5420,1958,630,210,139,90,199,808,225,258,138,111,940,963,245,356,686,378,870,382,23,43,172,441,200,96,852,767,86,197,448,544,13,851,199,766,90,186,125,175,215,175,43514,811,182,265,58,172,152,4883,1941,3,50,1209,1217,114,99,13,93,45,60,185,96,1760,455,80,289,391,447,147,282,419,70,247,700,840,220,18,2,583,32,183,6483,2852,367,150,132,58,224,1308,177,209,147,48,1104,1023,376,438,712,140,1493,803,44,123,217,255,191,105,632,784,74,114,341,503,8,1265,160,434,31,179,151,400,168,278,2016,7,"Summer"
"44",2016-08-01,53784,1287,258,380,91,218,272,4878,2043,2,84,1324,922,227,247,54,167,199,100,238,146,2021,607,123,422,797,865,347,376,488,101,310,1098,1507,265,74,6,941,88,269,8174,2577,960,219,177,92,324,1227,288,356,264,151,1351,1196,370,507,967,464,1060,394,68,85,278,403,231,91,1146,1038,119,249,579,855,42,1374,245,616,112,164,209,336,287,297,60967,1190,268,345,64,145,225,7422,2933,11,101,1722,1859,122,113,20,169,47,66,220,115,2428,611,102,401,618,691,214,377,654,92,355,917,1347,301,60,2,799,45,238,9329,3842,503,200,126,77,248,2068,294,305,244,69,1516,1337,355,615,925,242,1928,811,68,201,241,332,217,148,867,1123,100,143,399,654,15,1586,277,615,45,152,221,498,311,311,2016,8,"Summer"
"45",2016-09-01,50972,1293,300,446,172,252,278,4619,1736,3,66,1147,821,171,249,42,197,125,94,254,142,1867,633,187,429,739,799,323,351,360,110,268,917,1133,288,86,10,916,103,266,7985,2342,854,212,183,132,439,954,318,384,220,121,1184,1350,517,633,962,363,971,422,48,60,235,419,224,125,1060,886,124,184,602,870,15,1327,232,536,126,320,173,280,193,195,57946,1192,227,356,72,189,249,6945,2839,10,101,1569,1508,105,100,30,147,48,78,237,116,2087,597,141,410,538,650,197,371,604,101,324,952,1092,250,51,2,808,55,248,9055,3708,459,181,135,56,253,1801,293,297,177,88,1418,1448,368,605,820,199,1738,1148,66,142,242,344,224,123,790,973,71,167,354,682,17,1533,263,575,55,269,207,424,242,340,2016,9,"Fall"
"46",2016-10-01,61677,1450,320,557,145,396,292,6318,2083,15,106,1370,806,179,332,53,228,294,109,298,225,2254,662,184,451,675,886,321,324,665,399,409,1284,1644,272,66,5,1069,109,243,9996,3219,927,301,186,195,320,1008,310,494,211,179,1562,1705,420,568,1062,396,1051,607,51,63,227,451,341,177,1117,1004,142,192,731,1016,14,1492,230,621,69,338,186,327,344,329,68597,1416,240,406,93,225,241,8131,3471,13,115,1762,1789,133,139,25,149,91,68,296,142,2554,714,155,364,681,750,258,442,543,102,397,1205,1262,304,36,5,830,49,276,11098,4670,488,197,171,104,228,1905,305,334,210,118,1851,1728,402,734,1101,247,2044,1316,101,172,259,456,268,181,1029,1119,81,166,413,794,20,1687,280,747,49,316,231,514,228,363,2016,10,"Fall"
"47",2016-11-01,63467,1364,446,408,139,309,257,6805,2106,31,68,1398,1013,194,285,35,294,351,79,382,376,2270,784,254,390,821,966,394,322,414,135,508,1140,1310,314,60,3,1266,97,236,10721,3254,951,245,181,171,337,1163,271,470,233,88,1791,1566,411,547,1054,421,1261,642,62,110,287,478,344,234,1101,1063,142,156,745,999,27,1654,272,526,114,295,204,267,296,289,69188,1406,273,448,99,244,238,8497,3484,13,87,1763,1640,140,151,17,181,63,82,367,123,2667,598,142,432,747,736,246,392,548,94,365,1092,1236,287,32,2,917,41,247,11778,4637,475,208,138,89,202,1898,351,381,203,85,2069,1690,396,673,1069,200,2026,1164,61,173,281,427,257,182,1017,1163,86,113,496,794,22,1651,225,647,40,310,185,604,248,337,2016,11,"Fall"
"48",2016-12-01,71792,1554,578,507,182,330,333,6737,2350,70,148,1516,910,221,428,43,259,287,118,394,221,2939,682,181,451,833,1433,441,388,393,153,532,1350,1321,325,65,17,1363,92,274,12476,3938,1073,243,170,227,423,1136,309,515,252,118,1845,1972,580,625,1205,750,1408,572,102,137,374,728,359,275,1421,1298,161,185,733,1131,36,1727,320,744,95,415,340,315,321,319,70921,1356,241,436,76,231,209,8881,3685,43,100,1744,1590,100,166,14,148,86,57,346,138,2785,645,125,399,791,765,241,403,514,107,387,1055,1232,278,52,3,865,45,353,12671,5037,543,188,175,80,203,1948,300,366,161,95,1913,1515,435,693,1163,254,2041,1167,56,158,264,474,281,180,958,1099,74,158,415,857,15,1510,239,872,31,288,238,545,219,350,2016,12,"Winter"
"49",2017-01-01,44235,1062,227,344,59,235,157,3972,1724,4,80,951,650,134,179,31,185,216,71,231,122,2013,451,86,287,587,550,273,166,285,55,283,886,908,185,29,4,868,51,236,7774,2333,658,144,92,129,331,787,183,203,120,121,1283,917,267,350,793,345,1074,384,60,56,149,406,224,138,907,837,140,109,700,675,29,1066,170,384,34,214,165,206,170,271,51154,1057,177,281,56,190,145,6714,2600,7,62,1303,1079,106,109,19,135,112,48,254,127,1929,371,97,322,606,659,191,259,433,54,348,917,1075,233,40,4,658,41,208,8033,3332,414,142,130,51,198,1555,226,223,153,79,1352,1143,299,481,761,205,1502,742,51,120,191,383,208,170,735,924,92,102,249,727,19,1076,189,524,29,250,189,435,176,268,2017,1,"Winter"
"50",2017-02-01,45215,1062,195,285,65,207,152,3948,1834,3,61,1301,730,152,172,21,139,130,50,178,127,1834,433,76,258,686,671,316,212,257,48,247,915,831,192,40,3,877,24,196,8514,2539,641,197,111,67,277,660,171,315,115,91,1421,938,231,323,1066,353,1045,447,47,60,126,318,243,113,888,752,81,127,391,733,7,1182,199,407,34,254,141,318,144,200,56253,1135,201,364,75,180,190,7326,2839,4,78,1398,1217,91,142,13,234,49,42,247,112,2216,474,82,370,677,674,202,347,463,80,270,969,1237,177,51,1,754,35,228,9269,3751,411,175,137,45,183,1477,276,242,160,96,1390,1326,331,519,1001,205,1713,820,36,145,245,352,243,134,818,890,52,120,270,732,20,1318,209,507,19,253,197,427,198,297,2017,2,"Winter"
"51",2017-03-01,56376,1625,278,324,118,238,199,5355,2026,4,74,1427,1002,125,223,21,187,174,50,234,186,2359,503,74,309,745,790,446,259,320,71,314,945,1150,228,47,4,966,52,260,9972,3117,770,205,164,114,293,859,322,367,151,84,2012,1312,351,501,1099,488,1327,494,47,50,179,430,378,166,1114,1001,122,143,391,839,23,1403,243,433,17,292,626,326,128,311,72547,1563,233,511,107,246,214,9649,3490,8,85,2031,1681,115,168,18,219,107,56,397,113,2850,568,114,449,744,834,230,388,611,96,424,1127,1429,275,53,4,921,46,276,12471,4942,623,192,149,88,225,1837,287,370,185,129,1857,1698,445,629,1269,265,2063,1066,39,197,350,399,314,174,976,1076,101,138,357,916,28,1658,274,616,35,283,233,580,243,320,2017,3,"Spring"
"52",2017-04-01,51988,1253,232,378,65,242,200,5206,1839,3,64,1200,923,158,183,23,178,105,29,185,165,2361,659,93,282,754,708,305,265,270,58,358,924,1188,262,47,1,872,58,186,9380,2872,734,232,165,70,253,714,247,459,124,95,1645,1261,423,369,1050,376,1021,491,61,60,244,408,325,147,1154,895,118,114,418,875,9,1283,244,374,14,209,153,291,128,201,62458,1334,210,367,60,208,229,8158,2979,5,103,1500,1383,103,125,22,149,118,39,337,93,2609,507,116,374,730,741,177,389,479,97,450,1056,1152,240,27,3,807,53,201,10686,4298,511,179,165,63,213,1514,290,394,183,118,1685,1569,388,551,966,214,1828,892,50,137,223,327,270,140,874,908,59,105,298,725,9,1556,211,536,28,272,214,561,210,308,2017,4,"Spring"
"53",2017-05-01,52976,1172,210,280,87,237,219,4595,2115,2,65,1222,962,164,209,31,167,134,49,203,184,2501,530,104,342,727,677,344,305,317,51,322,960,1354,203,33,4,870,54,294,9129,2936,719,198,147,113,328,779,247,390,233,100,1554,1230,414,348,1080,345,1267,633,58,141,257,441,312,142,946,967,165,145,456,834,30,1301,282,402,28,241,641,320,133,245,63582,1387,243,396,80,173,213,8036,3128,10,72,1583,1455,92,138,8,168,104,62,340,91,2410,605,118,385,617,786,225,351,506,92,359,1001,1391,238,35,4,883,53,234,11158,4185,483,188,154,99,214,1517,278,292,220,92,1791,1602,359,616,1034,241,1786,1163,57,136,290,287,241,153,834,940,69,110,306,784,23,1592,214,517,32,246,229,538,186,254,2017,5,"Spring"
"54",2017-06-01,45433,1597,231,286,81,149,188,3585,1657,3,45,1190,879,139,122,18,144,100,43,175,174,1975,530,111,281,584,584,257,182,902,44,226,821,887,196,22,NA,785,68,215,8656,2341,526,179,118,89,319,764,277,312,103,53,1425,937,348,294,935,476,1075,535,32,48,215,365,282,133,781,803,42,114,319,466,22,1134,190,329,56,188,180,196,163,137,52146,1190,159,288,82,122,163,6575,2596,17,53,1373,1087,67,99,13,115,77,45,289,103,1953,435,187,294,537,627,223,336,330,84,249,883,1085,163,33,2,787,39,198,9314,3693,446,175,93,76,154,1166,203,242,147,79,1440,1068,272,442,851,177,1542,1032,63,86,225,278,197,90,747,750,54,96,275,567,16,1316,164,413,34,207,226,402,148,222,2017,6,"Summer"
"55",2017-07-01,53949,1111,318,415,137,321,287,4172,1910,3,46,1241,1045,176,183,33,216,181,61,245,132,2268,502,151,371,705,1765,361,215,341,68,424,1012,1093,269,49,13,893,72,227,8526,2611,824,184,177,136,375,1027,269,396,148,91,1599,1652,393,365,1000,696,1204,518,63,65,368,440,294,176,1127,1096,103,190,555,793,20,1368,270,551,81,240,166,366,210,184,61920,1299,219,336,87,245,207,7497,2917,5,88,1687,1368,131,193,21,162,126,80,303,106,2315,503,118,402,653,874,278,374,523,120,362,1034,1291,275,43,4,908,66,258,9557,3898,578,233,157,104,267,1727,274,290,202,106,1546,1731,365,574,917,292,1891,1043,106,167,329,311,273,163,972,1015,87,157,401,715,21,1490,225,593,62,264,243,552,248,296,2017,7,"Summer"
"56",2017-08-01,56498,1158,290,485,109,431,265,4780,1657,7,145,1297,1122,248,184,44,206,177,73,293,196,2414,691,161,359,765,711,339,225,441,109,423,1202,1417,271,98,11,1058,70,333,9092,2837,998,206,188,131,371,1056,313,389,211,66,1485,1674,447,383,1142,412,1237,553,60,135,308,427,335,160,1104,1031,136,232,735,805,38,1313,272,403,103,310,238,421,257,219,63700,1228,242,423,67,263,218,7850,2818,9,89,1705,1491,135,178,17,154,177,70,373,109,2349,501,134,358,725,817,241,379,513,103,337,1099,1449,258,53,2,917,50,310,9604,4001,637,240,191,74,253,2005,352,241,203,118,1541,1765,426,592,1002,292,1905,1186,82,171,317,290,249,152,941,1049,90,184,439,845,28,1453,243,557,54,287,254,584,279,313,2017,8,"Summer"
"57",2017-09-01,70019,1536,519,550,211,371,373,5858,2188,20,127,1390,1141,283,276,45,231,254,144,362,214,3115,625,220,431,1390,1028,455,398,551,137,426,1122,1485,355,99,30,1069,96,356,12690,3314,1251,244,289,135,486,1165,379,477,294,139,1680,2198,490,677,1196,580,1437,584,145,77,389,537,400,199,1235,1304,247,233,741,1020,13,1418,385,748,140,322,306,303,318,353,70279,1360,278,424,108,214,246,8087,3105,9,106,1876,1565,141,166,42,253,225,82,633,172,2965,604,157,429,809,1056,284,429,604,200,467,1237,1520,245,59,5,1072,48,361,10781,4261,741,237,196,106,238,2036,333,315,219,141,1854,1832,475,826,1015,303,2006,1162,72,197,355,324,255,182,1062,1135,101,160,492,841,15,1378,317,733,74,290,275,621,306,374,2017,9,"Fall"
"58",2017-10-01,56994,1418,419,353,180,338,307,4451,2081,12,70,1425,987,139,190,26,186,223,118,242,138,2079,588,196,406,834,688,403,263,542,123,421,1048,1302,277,79,3,923,114,293,10321,2839,823,176,136,184,343,1018,253,523,182,104,1513,1310,559,379,1133,430,1364,568,92,101,372,464,297,160,1011,1132,116,172,639,867,14,1511,233,423,95,226,291,279,254,202,65888,1408,254,414,121,266,199,7679,3313,3,113,1739,1542,116,162,23,176,224,76,354,96,2216,541,177,362,681,919,260,357,519,135,376,1143,1417,268,37,5,1007,52,263,10585,4419,602,232,149,88,217,1629,323,296,192,129,1720,1575,436,633,1101,301,1941,1107,68,164,291,347,286,174,1009,1000,105,153,372,889,24,1453,257,559,37,354,512,566,229,351,2017,10,"Fall"
"59",2017-11-01,59354,1264,382,400,74,307,212,6863,2147,9,73,1439,1104,167,187,27,228,268,87,265,197,2245,574,155,358,877,696,504,222,468,132,528,1008,1222,321,63,3,891,102,313,9166,3037,866,189,166,159,412,951,282,554,207,123,1680,1379,484,459,1085,558,1229,579,62,83,264,437,337,160,948,1116,136,162,632,923,26,1540,261,431,76,297,760,321,231,204,63378,1241,231,391,101,235,192,7337,3416,7,94,1709,1292,117,189,33,158,165,64,329,136,2116,555,101,372,781,890,255,336,467,107,328,1155,1312,239,36,3,1032,48,247,10773,4323,529,212,140,83,166,1586,286,297,154,124,1707,1475,390,576,1044,253,1685,1042,69,153,276,342,227,146,983,1066,89,129,310,891,25,1510,218,658,32,242,255,568,216,311,2017,11,"Fall"
"60",2017-12-01,66661,1525,430,408,140,386,384,5119,2568,3,97,1425,1109,211,212,16,355,329,101,308,211,2751,742,166,414,1044,835,485,231,476,170,567,1338,1221,402,73,3,1179,129,370,11512,3885,915,284,156,171,411,895,328,521,223,60,2003,1595,450,535,1493,521,1418,631,135,94,314,597,352,211,1376,1438,195,167,641,1009,59,1475,270,544,108,329,415,418,213,361,66311,1366,241,393,108,269,208,7749,3326,8,88,1621,1436,91,162,36,175,188,56,455,127,2349,567,156,386,891,824,259,355,470,103,334,1175,1305,262,34,8,999,49,219,11420,4420,531,214,162,76,182,1591,291,266,162,99,1715,1563,403,562,1126,317,1980,946,72,252,292,424,243,185,915,1051,77,127,267,861,39,1350,229,585,25,250,1025,596,223,349,2017,12,"Winter"
"61",2018-01-01,44363,1210,239,273,106,258,199,3436,1929,3,60,1054,841,116,155,11,116,254,66,161,185,1917,403,75,341,641,479,354,152,258,69,342,787,956,237,60,2,800,71,322,7492,2338,609,163,102,89,228,696,225,359,154,41,1361,1104,317,287,939,309,1053,503,113,43,258,411,266,141,679,902,101,125,351,692,36,1165,177,380,34,311,271,275,127,198,52656,1096,180,338,59,180,155,6284,2890,1,57,1420,1126,84,142,24,128,141,44,273,84,1850,403,126,311,666,676,205,275,379,91,248,863,1141,228,31,3,733,29,189,8844,3503,473,167,110,71,175,1377,208,189,146,87,1484,1239,327,420,888,231,1561,726,59,124,223,312,224,140,868,918,53,114,246,795,18,1156,177,537,36,240,207,468,177,185,2018,1,"Winter"
"62",2018-02-01,43713,1253,217,262,52,228,178,3223,1860,2,61,910,822,121,146,10,112,125,37,215,128,2036,456,162,259,674,481,310,142,275,66,296,687,870,185,71,1,710,51,284,7507,2455,586,154,124,87,360,711,206,404,146,27,1367,1084,283,304,963,293,1174,526,37,25,167,431,275,100,840,920,90,115,302,642,29,1227,170,455,37,277,285,256,104,190,52240,1172,163,437,71,183,141,6463,2776,6,45,1414,1201,103,137,21,134,95,53,212,99,1812,461,91,311,594,662,240,274,388,85,285,952,1135,200,29,6,763,47,165,8740,3510,484,162,119,52,153,1238,193,244,125,59,1339,1165,306,444,898,209,1535,815,55,114,219,283,237,128,784,872,91,112,351,679,18,1157,133,419,35,215,225,429,183,285,2018,2,"Winter"
"63",2018-03-01,50701,1205,240,306,91,278,237,3751,2212,4,84,1468,865,117,189,6,199,116,28,266,237,2439,599,103,298,761,576,384,171,291,66,277,792,1029,181,59,4,975,43,180,8774,2753,741,149,157,106,642,664,250,434,134,67,1552,1243,336,358,1162,327,1286,623,37,98,197,406,270,121,856,1010,112,129,358,882,45,1424,214,412,20,341,223,276,149,236,60204,1415,207,477,88,184,185,7518,3186,7,79,1467,1462,133,151,30,190,98,48,285,120,2126,496,90,349,652,776,244,337,424,100,291,1004,1312,227,36,9,928,50,203,9940,4034,522,174,135,84,191,1379,270,280,166,97,1592,1418,339,526,1039,236,1848,918,63,175,258,353,264,129,841,954,72,101,362,781,18,1305,202,587,25,208,306,584,175,269,2018,3,"Spring"
"64",2018-04-01,47534,1327,316,286,52,211,242,3596,1945,1,48,1162,934,154,142,4,178,96,31,191,147,2060,566,100,259,725,528,348,163,263,65,242,787,1042,244,48,1,881,55,235,8063,2696,620,157,128,91,286,733,195,507,117,59,1350,1064,339,306,1127,396,1315,572,33,65,227,411,278,276,908,952,110,127,375,892,72,1139,201,520,51,274,204,304,138,181,55553,1166,199,360,93,188,184,6756,3032,7,43,1480,1388,87,138,18,145,106,58,224,127,1980,447,108,300,601,755,240,316,382,95,325,977,1213,170,32,5,769,44,206,9351,3722,503,202,107,77,166,1300,274,204,151,125,1374,1277,303,440,970,240,1640,917,72,126,233,287,234,116,910,863,62,96,329,716,16,1193,197,485,41,183,277,543,186,281,2018,4,"Spring"
"65",2018-05-01,55502,1377,329,386,60,274,314,4338,2201,2,102,1403,1076,199,224,13,164,106,85,256,194,2373,725,120,311,898,683,401,281,368,93,274,899,1094,326,49,6,1155,63,245,9222,2984,675,191,123,100,470,847,268,532,202,129,1594,1425,391,371,1209,449,1497,651,50,61,266,472,325,126,1007,1169,114,172,448,761,30,1446,257,454,49,337,281,355,228,297,64153,1520,260,519,93,211,191,7581,3341,46,77,1629,1560,135,174,27,138,120,70,345,181,2211,566,137,314,781,862,268,342,437,131,338,1136,1355,215,54,6,987,53,268,10839,4044,523,202,126,87,192,1598,263,250,167,132,1694,1441,453,601,1090,279,2127,1022,81,211,305,267,263,102,941,951,57,123,386,750,15,1470,208,564,44,233,246,563,236,328,2018,5,"Spring"
"66",2018-06-01,57064,1376,344,400,83,278,283,4279,2013,5,114,1247,1078,253,227,10,219,103,64,353,198,2149,705,118,387,1267,676,404,324,451,127,297,947,1209,399,44,8,1176,94,262,9923,2937,766,187,137,101,446,773,326,521,172,94,1478,1475,430,386,1298,334,1475,701,34,76,356,684,385,176,858,1160,123,253,570,724,34,1568,326,429,62,323,194,314,149,335,62349,1478,235,366,119,200,189,7799,3322,8,86,1497,1401,140,147,29,150,84,72,322,249,2094,497,130,322,762,840,259,282,385,107,390,1119,1315,210,43,5,1019,57,326,10624,3951,563,191,149,81,193,1508,285,272,159,107,1617,1368,291,515,1084,267,1870,1015,68,191,361,393,315,146,895,937,63,128,396,724,21,1231,213,596,35,237,232,527,198,277,2018,6,"Summer"
"67",2018-07-01,57617,1285,431,469,94,437,292,4215,2002,1,73,1304,986,151,228,12,220,133,88,288,197,2064,818,141,408,759,972,421,263,492,106,331,941,1365,404,70,9,1007,63,210,9089,2727,999,335,124,128,400,916,276,527,200,137,1497,1930,456,395,1198,493,1455,558,68,88,331,537,294,114,1252,1202,122,221,646,919,37,1389,276,518,96,365,578,410,278,286,66261,1348,315,494,131,277,209,7904,3421,5,83,1629,1606,135,185,38,157,107,86,287,229,2285,545,141,378,702,992,305,325,527,124,387,1185,1525,264,54,12,1127,61,264,10414,3595,662,218,156,105,233,1765,283,291,204,208,1652,1748,416,607,1010,342,2020,1080,105,185,316,382,249,134,1148,1056,96,142,457,918,34,1442,229,613,48,253,297,712,246,341,2018,7,"Summer"
"68",2018-08-01,49362,990,421,452,62,567,270,3257,1665,14,52,1235,884,204,205,24,161,152,96,237,184,1657,601,100,363,694,805,328,189,441,73,359,843,1250,341,91,6,927,40,372,6981,2131,911,130,159,115,365,940,289,427,264,85,1256,1792,441,414,885,419,1050,492,114,65,277,405,352,120,1059,1050,116,230,626,822,47,1140,255,450,52,302,752,441,288,241,55792,1035,221,416,110,289,198,6034,2910,9,56,1607,1624,113,156,35,116,134,80,268,150,1956,495,110,314,606,813,261,282,452,103,328,1011,1297,210,61,8,843,57,290,8281,2933,569,160,176,59,214,1802,231,195,254,130,1314,1593,357,524,830,319,1695,982,108,196,230,302,225,112,977,869,77,157,427,740,26,1134,164,656,41,202,247,678,261,287,2018,8,"Summer"
"69",2018-09-01,60219,1323,430,459,108,529,324,4150,1916,4,77,1365,1068,275,216,33,254,193,153,353,202,2259,700,136,472,673,769,521,327,608,123,602,916,1373,381,121,8,1089,68,342,9501,2786,1200,210,156,195,419,1137,389,509,295,78,1529,2259,380,553,1198,612,1302,606,107,47,323,598,328,155,911,1219,183,190,663,1070,51,1357,326,576,85,360,272,545,337,282,67108,1290,260,562,195,320,207,7218,3599,11,67,1919,1709,107,276,38,142,141,92,400,164,2294,606,147,390,699,1036,302,281,532,134,436,1170,1455,277,66,5,1088,59,356,10715,3421,717,239,150,92,246,1917,316,242,243,162,1615,1799,436,637,870,398,1947,1168,132,308,316,372,236,149,1135,1058,143,155,469,983,28,1353,252,739,52,271,266,726,276,309,2018,9,"Fall"
"70",2018-10-01,74815,1458,585,537,146,521,373,5810,2500,7,100,1390,1044,266,248,45,204,241,177,415,273,2906,725,218,427,786,821,527,331,617,203,758,1112,1538,498,146,4,1125,90,261,13978,3772,1253,176,203,139,659,1314,293,594,261,60,1679,2724,594,653,1305,746,1721,798,132,88,389,748,381,223,1215,1647,230,232,774,1236,208,1600,591,596,91,438,488,457,318,378,71721,1411,350,506,165,362,228,7620,3931,8,85,1824,1630,76,248,34,165,128,106,626,200,2512,559,153,407,745,985,340,292,516,164,455,1143,1431,267,87,11,1142,62,309,13178,3647,769,194,183,176,246,1786,258,256,178,146,1821,1801,443,676,947,428,1920,1189,136,253,362,451,274,148,1186,1205,115,108,506,1005,51,1255,248,792,84,282,254,820,281,380,2018,10,"Fall"
"71",2018-11-01,40821,851,266,334,78,228,217,2813,1624,19,67,843,739,147,150,19,155,207,60,226,160,1452,504,84,251,386,420,399,181,367,99,457,569,794,230,58,4,800,68,194,6977,2135,642,100,69,105,270,939,182,400,121,54,1102,1136,269,311,853,315,933,394,118,44,209,367,191,92,832,875,107,139,413,743,247,983,159,302,54,216,298,244,171,190,48805,1046,177,369,105,179,122,5021,2783,3,39,1222,1203,54,142,14,110,118,48,244,115,1845,427,94,227,533,592,251,185,322,76,268,723,1012,248,37,4,738,32,238,9081,2638,450,179,123,150,178,1090,190,228,122,88,1325,1199,269,394,690,220,1379,760,74,159,183,270,215,113,840,809,71,70,288,871,34,959,169,432,37,175,229,723,144,221,2018,11,"Fall"
"72",2018-12-01,69861,1546,626,479,107,429,415,5077,2359,5,132,1238,1058,184,234,32,157,194,129,292,292,2649,854,212,422,1651,692,537,291,742,258,576,888,1282,464,53,12,1075,64,331,13723,3158,928,188,123,79,545,1153,379,493,299,92,1496,2237,453,596,1445,462,1519,728,164,76,325,822,281,275,1084,1557,232,300,554,1379,70,1469,424,671,53,388,540,275,384,404,66984,1460,274,496,157,242,197,7018,3523,8,96,1736,1612,107,218,16,169,148,67,509,126,2436,567,130,317,851,858,311,251,465,128,341,1003,1247,293,60,20,978,95,326,12818,3802,616,265,193,193,199,1458,245,255,195,104,1695,1677,377,606,1048,279,1867,889,103,177,331,491,280,168,1065,1041,108,114,368,972,22,1324,251,644,35,250,324,736,254,289,2018,12,"Winter"
"73",2019-01-01,31048,853,195,172,30,172,148,2604,1176,2,40,616,474,85,93,5,63,98,34,180,91,1197,358,102,202,308,305,273,138,238,59,401,362,725,203,26,3,491,31,149,6019,1589,478,80,37,33,256,387,113,221,101,27,799,855,253,233,691,213,652,271,134,27,93,374,146,136,466,683,54,138,197,585,31,681,153,276,22,187,216,173,92,174,41889,1013,155,384,70,165,109,4181,2405,5,39,954,1001,73,118,12,93,85,26,202,71,1551,300,102,221,522,585,227,197,286,65,234,640,876,157,22,6,677,75,203,7436,2206,405,147,106,96,151,876,176,190,102,63,1156,977,266,417,753,211,1226,586,53,109,227,301,238,106,732,720,77,81,225,673,17,851,155,420,25,151,243,525,128,179,2019,1,"Winter"
"74",2019-02-01,32648,821,167,203,35,189,144,2527,1357,2,49,585,495,95,107,9,70,63,13,173,110,1224,345,72,185,504,354,252,159,208,59,263,407,632,183,36,4,670,40,99,6365,1800,376,56,34,24,254,602,105,240,73,54,856,836,255,262,715,190,898,353,143,53,140,392,165,83,416,800,69,93,204,603,58,894,153,256,18,203,240,134,70,203,45802,1149,163,372,67,160,114,5163,2601,10,54,1091,1178,59,140,13,98,67,29,378,92,1795,363,85,252,544,579,200,221,320,63,250,663,922,131,17,1,704,39,194,8097,2603,450,162,114,94,202,978,160,188,108,95,1165,1070,238,327,840,253,1321,636,69,153,226,275,255,87,735,738,68,98,246,723,21,898,159,371,12,174,169,557,110,216,2019,2,"Winter"
"75",2019-03-01,44163,1131,257,254,47,263,201,3553,1755,1,97,822,669,115,146,14,138,101,38,302,131,1744,534,120,226,555,609,262,175,286,73,267,594,977,324,38,NA,880,56,188,8453,2884,575,97,27,29,295,667,158,296,97,58,1089,1044,277,382,981,254,1241,496,148,49,232,545,190,106,592,986,81,122,268,672,52,1091,255,342,18,231,238,172,117,313,60883,1552,254,411,84,191,166,7066,3506,6,45,1425,1513,94,180,13,155,83,64,416,102,2366,449,122,332,730,763,261,235,376,76,339,913,1268,239,28,5,1000,71,263,10687,3482,600,220,115,105,200,1324,206,275,134,114,1639,1325,390,460,1205,314,1787,911,53,166,357,393,427,104,964,917,98,103,325,825,31,1185,241,544,28,208,225,538,189,307,2019,3,"Spring"
"76",2019-04-01,37784,782,227,270,35,238,187,2789,1509,1,60,778,574,114,124,15,138,96,70,190,110,1859,433,116,251,368,503,273,220,324,95,220,602,908,255,32,3,686,52,140,7057,2186,497,90,43,36,232,523,170,279,96,59,873,965,281,279,840,344,878,428,56,37,172,417,205,170,441,901,90,123,254,671,57,805,244,309,31,181,228,170,104,315,58287,1418,286,410,74,214,189,6087,3142,15,81,1526,1433,81,170,19,141,102,78,434,95,2195,442,129,359,666,791,238,243,385,129,315,933,1406,223,30,3,1003,40,275,10091,3490,604,199,152,157,186,1205,309,207,161,148,1417,1362,368,502,1045,359,1609,852,61,232,307,299,334,107,911,866,105,127,335,844,31,1183,293,498,19,205,244,599,209,255,2019,4,"Spring"
"77",2019-05-01,37246,641,209,213,49,183,175,3730,2287,1,62,692,521,90,106,14,89,39,23,163,115,1464,427,75,255,379,485,237,167,247,67,181,645,921,226,37,4,735,49,106,7363,2173,447,134,48,43,225,510,244,243,78,44,895,806,180,284,744,274,880,510,31,45,181,323,198,126,427,700,58,135,228,590,22,714,156,242,26,174,232,159,81,164,54691,1295,271,342,96,183,153,5684,3166,3,48,1507,1457,96,184,12,99,72,63,412,110,1953,473,114,237,678,685,187,237,291,84,250,830,1262,183,32,6,900,37,196,9933,3322,526,233,120,106,163,1015,239,199,205,109,1348,1277,284,386,910,316,1672,943,89,173,310,297,328,75,847,792,81,121,302,744,18,1163,213,508,30,212,235,609,139,211,2019,5,"Spring"
"78",2019-06-01,23265,441,172,141,42,157,105,1656,1178,1,80,486,402,74,111,12,52,40,30,156,89,831,233,38,195,218,327,170,124,195,52,160,320,652,188,41,9,576,22,103,3813,1289,311,72,25,35,166,470,126,159,64,44,472,728,168,187,461,172,577,239,25,31,149,236,108,75,362,510,40,88,196,430,22,545,136,227,19,112,134,117,125,121,38090,827,167,274,85,137,134,3774,2212,3,51,925,1049,72,141,26,91,63,42,256,71,1458,309,64,225,434,515,173,186,272,61,238,566,816,150,28,6,753,44,210,6247,2042,443,148,88,93,160,798,144,146,120,88,884,965,225,291,598,254,1166,667,60,132,203,196,258,81,608,605,99,83,253,624,24,788,156,345,20,137,180,449,112,202,2019,6,"Summer"
"79",2019-07-01,38931,787,265,323,62,286,163,3035,1508,7,52,707,720,92,174,48,93,124,57,223,138,1351,410,78,247,478,532,276,203,351,68,391,581,1146,316,66,12,730,62,133,6709,2012,569,78,56,47,286,694,206,281,131,81,881,1301,282,370,769,306,831,414,46,42,214,428,162,108,651,910,74,155,384,768,15,741,187,350,40,204,236,244,143,230,63305,1304,325,421,127,284,200,6456,3190,3,60,1719,1714,130,278,37,126,87,108,392,110,2273,545,120,371,738,946,234,246,483,131,322,1006,1552,224,48,3,1064,67,304,10567,3564,755,214,208,116,249,1383,286,233,254,154,1374,1697,393,530,948,492,1790,1015,110,220,313,330,298,127,996,999,114,139,384,1174,51,1300,270,519,52,223,324,749,304,339,2019,7,"Summer"
"80",2019-08-01,40634,854,290,397,53,408,216,3107,1441,13,59,624,745,124,148,31,124,75,49,247,139,1244,395,91,331,481,761,205,228,506,127,356,687,1207,311,76,6,731,106,272,6001,1994,790,82,74,48,271,830,198,313,188,120,833,1325,258,431,807,258,1042,415,55,77,195,461,235,147,536,979,74,242,456,697,22,852,469,301,45,281,243,270,219,235,69904,1593,361,539,132,321,293,7600,3373,15,101,1934,1893,181,216,35,173,119,84,386,141,2445,656,147,436,925,1050,295,342,490,157,464,1239,1563,269,48,12,1171,67,389,9880,4031,868,281,242,160,329,1902,334,310,276,140,1529,1870,449,660,1190,429,2024,1180,105,282,301,361,346,148,1037,1220,127,215,520,1046,37,1338,329,696,61,311,280,700,318,387,2019,8,"Summer"
"81",2019-09-01,51393,1235,385,424,144,382,282,3921,1769,3,124,852,930,145,233,43,210,101,77,310,170,1979,459,123,334,583,952,343,322,538,117,434,690,1587,357,90,12,921,73,224,8347,2887,873,102,129,78,335,885,265,424,209,139,1113,1557,268,498,1042,383,1191,563,56,68,259,626,270,186,681,1031,111,201,496,1091,37,1111,296,335,74,287,333,237,212,229,95510,2111,436,667,167,380,352,10985,4737,16,129,2502,2403,201,320,50,209,134,113,449,230,3348,827,214,588,1139,1632,422,407,657,192,652,1600,2276,329,75,7,1453,113,483,14918,5943,1133,304,273,224,346,2226,396,391,296,196,2151,2473,670,874,1790,607,2578,1447,146,307,443,545,480,183,1307,1436,209,207,622,1566,38,1907,435,793,68,391,489,809,374,514,2019,9,"Fall"
"82",2019-10-01,50181,961,363,396,101,311,321,3683,1689,10,102,827,816,99,225,56,163,190,141,261,185,1982,365,112,314,467,887,387,297,504,121,418,734,1396,377,76,5,819,97,205,8988,2967,868,117,62,107,302,901,274,371,223,92,1142,1393,289,452,1142,331,1047,531,113,74,273,557,218,186,614,1176,109,164,491,1207,60,1101,272,344,68,186,238,276,197,195,92629,2002,436,604,152,341,283,10295,4964,14,121,2266,2288,224,275,37,211,123,98,857,209,3478,907,199,547,1121,1451,413,443,601,242,528,1451,2246,385,62,8,1476,93,377,15463,6045,944,304,239,238,316,1900,392,383,223,206,2049,2079,502,835,1883,546,2375,1412,107,269,464,540,442,228,1229,1400,203,202,492,1437,49,1744,403,787,45,354,478,725,319,550,2019,10,"Fall"
"83",2019-11-01,48909,955,329,375,119,283,266,4423,1776,13,81,800,701,131,195,46,122,96,155,235,210,1812,370,70,327,483,638,422,340,387,138,416,713,1305,322,63,29,820,110,182,8494,2538,737,113,104,173,319,951,214,296,209,81,1094,1633,308,552,1040,258,1053,557,81,69,226,553,238,223,584,1123,91,173,691,985,50,1055,278,327,37,280,281,255,185,142,89463,1984,406,584,92,313,278,10083,4983,8,111,2235,2125,144,254,26,200,135,111,488,133,3089,882,141,494,1040,1147,416,403,567,158,486,1381,1971,330,65,15,1449,85,357,16430,5890,848,304,213,181,293,1853,358,399,244,119,1984,2010,534,692,1803,455,2301,1450,109,252,495,496,382,217,1197,1424,154,144,487,1350,47,1711,380,715,58,341,464,791,242,477,2019,11,"Fall"
"84",2019-12-01,75480,1361,474,555,120,573,340,6079,2689,9,217,1185,1068,179,360,91,261,201,278,374,301,2707,426,171,444,681,1018,511,546,606,191,576,979,1967,600,89,16,1155,75,380,14772,3760,1079,175,144,217,477,1306,404,521,329,251,1569,2221,424,828,1350,764,1886,777,179,151,400,889,430,371,981,1683,150,246,598,1560,94,1499,371,735,68,427,412,443,330,356,126594,2504,523,711,149,392,418,14005,6845,24,181,2995,2900,238,457,25,270,198,106,676,247,4591,1097,248,673,1521,1505,541,551,823,185,630,1890,2675,466,66,13,1817,106,641,25545,8524,1158,393,324,244,500,2428,499,488,274,191,2895,2845,671,1005,2220,751,3399,1831,141,385,560,757,556,314,1671,1963,274,202,638,1835,84,2364,470,1158,35,465,500,1090,363,681,2019,12,"Winter"
"85",2020-01-01,36040,857,167,271,38,211,176,3199,1441,6,82,661,501,59,120,18,101,91,50,148,85,1452,189,124,259,515,453,232,214,253,63,213,547,842,289,51,3,634,49,136,6599,2219,405,72,40,100,185,655,182,304,122,52,1017,851,168,276,844,225,768,381,83,30,201,466,200,129,458,764,75,105,250,647,41,855,208,332,36,197,252,180,145,121,77575,1666,344,458,78,236,286,8790,4709,5,91,1986,1789,152,261,20,172,92,61,294,153,2790,617,147,416,1061,1013,342,324,420,101,426,1224,1797,299,53,4,1169,54,333,14652,4993,783,225,206,149,268,1609,322,279,209,147,1582,1765,364,612,1365,446,2058,1153,71,168,368,440,363,176,991,1289,121,167,392,1243,51,1478,315,597,42,287,332,672,215,377,2020,1,"Winter"
"86",2020-02-01,37303,872,134,265,41,202,147,3305,1681,1,113,667,655,68,129,15,132,60,42,143,91,1545,277,54,304,447,441,233,257,531,54,232,490,850,236,45,4,686,40,142,7326,2370,405,59,49,71,201,621,137,249,125,65,812,1015,172,241,822,202,833,442,67,60,175,380,159,124,435,764,69,98,197,658,44,929,177,234,18,168,248,189,127,135,81450,1854,343,483,73,248,273,10021,4644,5,74,2023,1907,169,236,17,170,76,58,369,151,2932,766,163,458,1023,1087,302,326,563,104,375,1264,1801,263,54,1,1327,44,406,15336,5299,769,277,206,104,287,1516,375,338,199,134,1714,1854,364,492,1364,506,2304,1273,100,202,324,447,346,189,1143,1185,132,169,355,1163,58,1625,342,527,30,292,320,704,239,394,2020,2,"Winter"
"87",2020-03-01,34089,812,169,222,33,204,123,3308,1390,1,75,532,568,73,105,25,70,36,23,169,132,1259,250,50,195,386,433,207,234,255,56,200,426,879,235,36,1,691,27,102,6439,2108,455,82,42,46,174,561,134,253,99,59,724,904,183,307,691,195,877,434,57,42,167,394,198,122,436,685,73,93,211,618,53,863,192,222,30,161,167,313,78,155,74581,1840,296,480,95,231,243,9101,3933,9,81,1979,1662,135,205,12,195,72,64,330,182,2545,681,143,410,1039,1021,280,312,411,95,399,1206,1811,255,51,6,1090,67,297,13407,5023,719,272,179,121,262,1521,364,339,195,109,1624,1681,359,465,1307,461,2236,1094,72,213,353,416,311,156,1002,1048,116,134,441,1116,40,1530,321,480,19,286,370,599,227,329,2020,3,"Spring"
"88",2020-04-01,14848,445,146,114,19,94,61,1166,586,2,35,208,202,31,60,9,30,26,32,84,34,606,95,12,98,160,274,99,93,165,30,105,215,487,115,18,2,374,30,49,2022,854,249,57,18,31,66,306,117,105,49,64,352,429,111,148,278,90,434,177,96,10,88,148,97,47,151,311,30,44,138,439,34,300,84,103,13,75,93,67,43,69,27935,826,200,221,55,125,104,3334,1249,5,42,610,483,40,121,11,60,35,41,131,66,980,240,47,160,354,480,132,78,166,47,239,451,822,79,14,4,618,42,150,4091,1679,291,107,97,89,113,642,144,105,86,60,555,790,187,228,535,186,891,334,47,67,189,164,136,59,266,443,57,47,204,628,38,500,155,176,10,128,152,170,115,112,2020,4,"Spring"
"89",2020-05-01,16860,500,146,148,15,112,79,1211,595,1,45,269,320,25,88,19,46,16,30,72,88,662,117,13,131,204,216,106,124,191,48,156,244,457,174,59,14,386,29,55,2546,996,236,40,21,57,55,287,149,208,92,42,410,387,119,183,294,101,560,245,29,30,111,191,90,51,157,306,36,60,167,363,15,377,93,112,6,128,82,79,83,55,34076,1068,166,274,52,170,141,3728,1575,3,48,801,563,65,138,13,119,48,53,102,86,1158,378,46,208,412,701,143,178,251,101,261,503,905,105,51,1,702,46,201,5094,2100,362,103,99,96,126,760,158,182,83,73,707,863,225,327,533,208,1363,485,63,106,195,200,226,58,348,429,57,57,245,620,41,662,190,259,15,168,175,203,127,121,2020,5,"Spring"
"90",2020-06-01,58632,1556,376,499,68,435,242,5096,2137,3,113,1052,1026,125,188,31,161,98,93,348,223,2465,517,86,438,670,677,429,389,540,145,397,903,1439,469,58,38,1027,106,255,8253,3530,638,187,93,71,411,1061,292,553,239,142,1623,1806,333,600,1064,265,1744,755,70,68,339,773,357,255,932,1366,80,234,585,1058,47,1582,355,487,29,259,354,348,234,242,131380,3468,516,826,155,534,473,16819,5418,26,140,3052,2890,224,369,37,433,136,179,521,347,4580,1374,262,693,1667,2000,622,676,678,287,902,2164,2825,424,84,2,2132,102,648,20546,8160,1262,482,378,273,573,3016,542,620,342,245,3263,3392,807,1186,2196,661,4465,1832,150,386,619,742,650,238,2003,1993,171,274,946,1923,45,3310,648,1039,54,548,642,907,513,653,2020,6,"Summer"
"91",2020-07-01,67937,1555,338,513,117,474,401,6355,2096,7,102,1225,1189,154,229,51,197,80,99,323,230,2950,481,66,507,820,528,430,388,604,161,355,1060,1856,491,92,5,1141,127,262,10429,4524,766,255,67,75,475,1234,326,613,195,217,2067,1925,422,593,1244,300,1940,964,88,93,396,817,267,248,1093,1595,90,253,616,1108,44,2007,348,623,43,288,304,360,238,328,161420,3690,639,955,159,572,475,20530,6111,23,210,3923,3729,275,377,50,385,147,143,572,322,6207,1491,236,879,1999,1941,714,799,868,283,969,2516,3125,570,96,14,2660,109,822,29003,11090,1291,587,374,291,623,3396,686,774,414,258,4525,3647,866,1302,2568,786,5101,2273,170,422,697,999,631,323,2637,2544,227,306,1036,2116,30,3937,609,1198,78,626,722,1270,536,866,2020,7,"Summer"
